[{"userId":0,"givenName":"Holly","familyName":"Richardson","streetNo":"21","streetName":"Traynor Crt","city":"Melba","postcode":2615,"state":"ACT","phone":"+61013179986","email":"holly.richardson418@gmail.com"},{"userId":1,"givenName":"Chris","familyName":"Colling","streetNo":"31","streetName":"Yaralla Ave","city":"South Mackay","postcode":4740,"state":"QLD","phone":"+61149600441","email":"chris.colling1058@gmail.com"},{"userId":2,"givenName":"Dylan","familyName":"Harrison","streetNo":"8","streetName":"Wiseman Rd","city":"Bowral","postcode":2576,"state":"NSW","phone":"+61337188399","email":"dylan.harrison2988@gmail.com"},{"userId":3,"givenName":"Steven","familyName":"Bailey","streetNo":"4","streetName":"Parkland Gr","city":"Kingsbury","postcode":3083,"state":"VIC","phone":"+61349196648","email":"steven.bailey2318@gmail.com"},{"userId":4,"givenName":"Maddy","familyName":"Cox","streetNo":"13","streetName":"Lynfield Drv","city":"Caboolture","postcode":4510,"state":"QLD","phone":"+61253882641","email":"maddy.cox3243@gmail.com"},{"userId":5,"givenName":"Bailey","familyName":"Walker","streetNo":"7","streetName":"Hawthorn St","city":"Norwood","postcode":7250,"state":"TAS","phone":"+61279874061","email":"bailey.walker6296@gmail.com"},{"userId":6,"givenName":"Liam","familyName":"Marshall","streetNo":"14","streetName":"Chardonnay Drv","city":"Nuriootpa","postcode":5355,"state":"SA","phone":"+61024595255","email":"liam.marshall3630@gmail.com"},{"userId":7,"givenName":"John","familyName":"Elliott","streetNo":"305","streetName":"Icely Rd","city":"Orange","postcode":2800,"state":"NSW","phone":"+61540787116","email":"john.elliott2021@gmail.com"},{"userId":8,"givenName":"Jayden","familyName":"Ward","streetNo":"23","streetName":"Garden Gr","city":"West Moonah","postcode":7009,"state":"TAS","phone":"+61687372051","email":"jayden.ward5677@gmail.com"},{"userId":9,"givenName":"Michael","familyName":"Hill","streetNo":"11","streetName":"Osprey Crt","city":"South Gladstone","postcode":4680,"state":"QLD","phone":"+61715692769","email":"michael.hill2907@gmail.com"},{"userId":10,"givenName":"Taylor","familyName":"Walsh","streetNo":"5","streetName":"Rowlands Hill Rd","city":"Coromandel Valley","postcode":5051,"state":"SA","phone":"+61337452933","email":"taylor.walsh1087@gmail.com"},{"userId":11,"givenName":"Liam","familyName":"Tran","streetNo":"7","streetName":"Ronan Crt","city":"Katherine East","postcode":850,"state":"NT","phone":"+61788342186","email":"liam.tran7191@gmail.com"},{"userId":12,"givenName":"Tahlia","familyName":"Wilson","streetNo":"40","streetName":"Malara St","city":"Waramanga","postcode":2611,"state":"ACT","phone":"+61252482295","email":"tahlia.wilson4489@gmail.com"},{"userId":13,"givenName":"Abby","familyName":"Ward","streetNo":"2","streetName":"Campbell-Smith Crt","city":"Newnham","postcode":7248,"state":"TAS","phone":"+61460964252","email":"abby.ward315@gmail.com"},{"userId":14,"givenName":"Amy","familyName":"Richards","streetNo":"18","streetName":"Penghana Rd","city":"Queenstown","postcode":7467,"state":"TAS","phone":"+61441644673","email":"amy.richards9653@gmail.com"},{"userId":15,"givenName":"Morgan","familyName":"Walsh","streetNo":"193","streetName":"McKillop St","city":"East Geelong","postcode":3219,"state":"VIC","phone":"+61055098638","email":"morgan.walsh8425@gmail.com"},{"userId":16,"givenName":"Mia","familyName":"Smith","streetNo":"42","streetName":"Congress St","city":"South Hobart","postcode":7004,"state":"TAS","phone":"+61211224477","email":"mia.smith4079@gmail.com"},{"userId":17,"givenName":"Zoe","familyName":"Tran","streetNo":"112","streetName":"Clarence St","city":"Bellerive","postcode":7018,"state":"TAS","phone":"+61065072134","email":"zoe.tran1007@gmail.com"},{"userId":18,"givenName":"Morgan","familyName":"Cooper","streetNo":"8","streetName":"Walana Crs","city":"Mona Vale","postcode":2103,"state":"NSW","phone":"+61925384205","email":"morgan.cooper2651@gmail.com"},{"userId":19,"givenName":"Erin","familyName":"Elliott","streetNo":"8","streetName":"Edgar St","city":"East Brisbane","postcode":4169,"state":"QLD","phone":"+61345854285","email":"erin.elliott3447@gmail.com"},{"userId":20,"givenName":"Lucy","familyName":"Adams","streetNo":"205","streetName":"Channel Hwy","city":"Taroona","postcode":7053,"state":"TAS","phone":"+61355524412","email":"lucy.adams606@gmail.com"},{"userId":21,"givenName":"Maddie","familyName":"Murray","streetNo":"10","streetName":"Hele Crs","city":"Ciccone","postcode":870,"state":"NT","phone":"+61808299872","email":"maddie.murray3209@gmail.com"},{"userId":22,"givenName":"Ashleigh","familyName":"Johnson","streetNo":"5","streetName":"O`dea Av","city":"Zetland","postcode":2017,"state":"NSW","phone":"+61727981572","email":"ashleigh.johnson2834@gmail.com"},{"userId":23,"givenName":"Bethany","familyName":"Colling","streetNo":"52","streetName":"Burg St","city":"East Maitland","postcode":2323,"state":"NSW","phone":"+61868092021","email":"bethany.colling5406@gmail.com"},{"userId":24,"givenName":"Megan","familyName":"Mason","streetNo":"14","streetName":"Beveridge","city":"Forde","postcode":2914,"state":"ACT","phone":"+61598622108","email":"megan.mason244@gmail.com"},{"userId":25,"givenName":"Nathan","familyName":"Parker","streetNo":"53","streetName":"Ryot St","city":"Warrnambool","postcode":3280,"state":"VIC","phone":"+61643054860","email":"nathan.parker3217@gmail.com"},{"userId":26,"givenName":"Ellie","familyName":"Lewis","streetNo":"30C","streetName":"Duke St","city":"Stuart Park","postcode":820,"state":"NT","phone":"+61177924122","email":"ellie.lewis9001@gmail.com"},{"userId":27,"givenName":"Shaun","familyName":"Cooper","streetNo":"17","streetName":"Hilton St","city":"Tamworth","postcode":2340,"state":"NSW","phone":"+61295009468","email":"shaun.cooper4723@gmail.com"},{"userId":28,"givenName":"Ryan","familyName":"Campbell","streetNo":"22","streetName":"Creek Rd","city":"Tannum Sands","postcode":4680,"state":"QLD","phone":"+61997663595","email":"ryan.campbell5490@gmail.com"},{"userId":29,"givenName":"Abbie","familyName":"Bennett","streetNo":"11","streetName":"Crann St","city":"Gillen","postcode":870,"state":"NT","phone":"+61418415740","email":"abbie.bennett6242@gmail.com"},{"userId":30,"givenName":"Elizabeth","familyName":"White","streetNo":"85","streetName":"Pugsley Ave","city":"Wagga Wagga","postcode":2650,"state":"NSW","phone":"+61975017433","email":"elizabeth.white2659@gmail.com"},{"userId":31,"givenName":"Hugo","familyName":"Mitchell","streetNo":"47","streetName":"Gillies St","city":"Maryborough","postcode":3465,"state":"VIC","phone":"+61646973374","email":"hugo.mitchell9800@gmail.com"},{"userId":32,"givenName":"Katie","familyName":"Rogers","streetNo":"16","streetName":"Mainoru Pl","city":"Hawker","postcode":2614,"state":"ACT","phone":"+61195299351","email":"katie.rogers8833@gmail.com"},{"userId":33,"givenName":"Chris","familyName":"Price","streetNo":"6","streetName":"Menzies St","city":"Mooroopna","postcode":3629,"state":"VIC","phone":"+61747801210","email":"chris.price6144@gmail.com"},{"userId":34,"givenName":"Nathan","familyName":"Cameron","streetNo":"58","streetName":"Yenda Cl","city":"Bathurst","postcode":2795,"state":"NSW","phone":"+61987601101","email":"nathan.cameron2409@gmail.com"},{"userId":35,"givenName":"Brayden","familyName":"James","streetNo":"25","streetName":"Samuel Wright St","city":"Bunbury","postcode":6230,"state":"WA","phone":"+61223395158","email":"brayden.james2546@gmail.com"},{"userId":36,"givenName":"Jeremy","familyName":"Lewis","streetNo":"60","streetName":"Cadell St","city":"Wentworth","postcode":2648,"state":"VIC","phone":"+61656374951","email":"jeremy.lewis914@gmail.com"},{"userId":37,"givenName":"Dylan","familyName":"Cook","streetNo":"151","streetName":"Kingswood Rd","city":"Engadine","postcode":2233,"state":"NSW","phone":"+61264096615","email":"dylan.cook8501@gmail.com"},{"userId":38,"givenName":"Leah","familyName":"Lee","streetNo":"25","streetName":"Paisley Crs","city":"Mooroopna","postcode":3629,"state":"VIC","phone":"+61781542817","email":"leah.lee5563@gmail.com"},{"userId":39,"givenName":"Gemma","familyName":"Anderson","streetNo":"13","streetName":"Turner Crt","city":"Braitling","postcode":870,"state":"NT","phone":"+61482763038","email":"gemma.anderson2510@gmail.com"},{"userId":40,"givenName":"Caleb","familyName":"Wright","streetNo":"1008","streetName":"Wellington St","city":"West Perth","postcode":6005,"state":"WA","phone":"+61016100609","email":"caleb.wright9385@gmail.com"},{"userId":41,"givenName":"Joel","familyName":"Wood","streetNo":"2","streetName":"Anderson Ave","city":"Nowra","postcode":2541,"state":"NSW","phone":"+61231901375","email":"joel.wood581@gmail.com"},{"userId":42,"givenName":"Shane","familyName":"Campbell","streetNo":"40","streetName":"Marcus Clarke St","city":"Canberra","postcode":2601,"state":"ACT","phone":"+61394242046","email":"shane.campbell3082@gmail.com"},{"userId":43,"givenName":"Eliza","familyName":"Ryan","streetNo":"27","streetName":"Surfside Ave","city":"Clovelly","postcode":2031,"state":"NSW","phone":"+61661670662","email":"eliza.ryan3024@gmail.com"},{"userId":44,"givenName":"Ryan","familyName":"Fisher","streetNo":"51","streetName":"Rhodes St","city":"Kalgoorlie","postcode":6430,"state":"WA","phone":"+61212693616","email":"ryan.fisher1145@gmail.com"},{"userId":45,"givenName":"Hayden","familyName":"Adams","streetNo":"6","streetName":"Windrush Av","city":"Belrose","postcode":2085,"state":"NSW","phone":"+61645671239","email":"hayden.adams4218@gmail.com"},{"userId":46,"givenName":"Abbey","familyName":"Jones","streetNo":"6","streetName":"Boyne Ave","city":"Pendle Hill","postcode":2145,"state":"NSW","phone":"+61070528704","email":"abbey.jones3240@gmail.com"},{"userId":47,"givenName":"Sarah","familyName":"Johnson","streetNo":"58","streetName":"Redding Rd","city":"Streaky Bay","postcode":5680,"state":"SA","phone":"+61035323609","email":"sarah.johnson3106@gmail.com"},{"userId":48,"givenName":"Jason","familyName":"Stewart","streetNo":"3","streetName":"Harvey St","city":"Bendigo","postcode":3550,"state":"VIC","phone":"+61499001338","email":"jason.stewart1929@gmail.com"},{"userId":49,"givenName":"Rachel","familyName":"Turner","streetNo":"25","streetName":"Dowling St","city":"Katherine South","postcode":850,"state":"NT","phone":"+61308776644","email":"rachel.turner3910@gmail.com"},{"userId":50,"givenName":"Cody","familyName":"Anderson","streetNo":"27","streetName":"Macquarie St","city":"Tamworth","postcode":2340,"state":"NSW","phone":"+61690512406","email":"cody.anderson3380@gmail.com"},{"userId":51,"givenName":"Melissa","familyName":"Colling","streetNo":"6","streetName":"Inglis Ave","city":"Mirboo North","postcode":3871,"state":"VIC","phone":"+61870276428","email":"melissa.colling2070@gmail.com"},{"userId":52,"givenName":"Liam","familyName":"Parker","streetNo":"18","streetName":"Drummond St","city":"Albany","postcode":6330,"state":"WA","phone":"+61483235813","email":"liam.parker1185@gmail.com"},{"userId":53,"givenName":"Tom","familyName":"Harvey","streetNo":"44","streetName":"St Vincent St","city":"Ashgrove","postcode":4060,"state":"QLD","phone":"+61182634569","email":"tom.harvey402@gmail.com"},{"userId":54,"givenName":"Peter","familyName":"Anderson","streetNo":"14","streetName":"Crowther Elb","city":"Ocean Reef","postcode":6027,"state":"WA","phone":"+61647883539","email":"peter.anderson2276@gmail.com"},{"userId":55,"givenName":"Corey","familyName":"Taylor","streetNo":"39","streetName":"Wilhelmina Ave","city":"West Launceston","postcode":7250,"state":"TAS","phone":"+61827089033","email":"corey.taylor9379@gmail.com"},{"userId":56,"givenName":"Anna","familyName":"Johnston","streetNo":"5","streetName":"Jordan St","city":"Somerville","postcode":3912,"state":"VIC","phone":"+61389373290","email":"anna.johnston9134@gmail.com"},{"userId":57,"givenName":"Olivia","familyName":"O'Brien","streetNo":"63","streetName":"Hodel St","city":"Hermit Park","postcode":4812,"state":"QLD","phone":"+61803990136","email":"olivia.o'brien1055@gmail.com"},{"userId":58,"givenName":"Jasper","familyName":"Ryan","streetNo":"18","streetName":"Keanefield Drv","city":"Carramar","postcode":6031,"state":"WA","phone":"+61747955773","email":"jasper.ryan9728@gmail.com"},{"userId":59,"givenName":"Hayden","familyName":"Robinson","streetNo":"2","streetName":"Erin Crt","city":"Boulder","postcode":6432,"state":"WA","phone":"+61425552265","email":"hayden.robinson8238@gmail.com"},{"userId":60,"givenName":"Hayden","familyName":"Cook","streetNo":"72","streetName":"Gertrude St","city":"Geraldton","postcode":6530,"state":"WA","phone":"+61614377220","email":"hayden.cook3639@gmail.com"},{"userId":61,"givenName":"Madeleine","familyName":"Gray","streetNo":"3","streetName":"Dow St","city":"Whyalla Norrie","postcode":5608,"state":"SA","phone":"+61634458505","email":"madeleine.gray7394@gmail.com"},{"userId":62,"givenName":"Brandon","familyName":"Nguyen","streetNo":"11","streetName":"Carlton St","city":"Ballarat","postcode":3350,"state":"VIC","phone":"+61458481591","email":"brandon.nguyen3910@gmail.com"},{"userId":63,"givenName":"Nicole","familyName":"Hamilton","streetNo":"2","streetName":"Tompsons La","city":"Newnham","postcode":7248,"state":"TAS","phone":"+61130652866","email":"nicole.hamilton2119@gmail.com"},{"userId":64,"givenName":"John","familyName":"Russell","streetNo":"13","streetName":"McCormack Crs","city":"Woodcroft","postcode":5162,"state":"SA","phone":"+61870721226","email":"john.russell1286@gmail.com"},{"userId":65,"givenName":"Jessica","familyName":"Stevens","streetNo":"10","streetName":"Dunstall St","city":"Gladstone","postcode":4680,"state":"QLD","phone":"+61884936160","email":"jessica.stevens1980@gmail.com"},{"userId":66,"givenName":"Riley","familyName":"Hughes","streetNo":"13","streetName":"Vivian St","city":"Bellevue Hill","postcode":2023,"state":"NSW","phone":"+61895347016","email":"riley.hughes678@gmail.com"},{"userId":67,"givenName":"Ali","familyName":"O'Brien","streetNo":"2","streetName":"Hood St","city":"Mittagong","postcode":2575,"state":"NSW","phone":"+61076060744","email":"ali.o'brien6641@gmail.com"},{"userId":68,"givenName":"Oscar","familyName":"Chapman","streetNo":"19","streetName":"Church St","city":"Launceston","postcode":7250,"state":"TAS","phone":"+61793902183","email":"oscar.chapman3114@gmail.com"},{"userId":69,"givenName":"Jessie","familyName":"Bailey","streetNo":"2","streetName":"Challen Crt","city":"Evanston Park","postcode":5116,"state":"SA","phone":"+61697957422","email":"jessie.bailey5470@gmail.com"},{"userId":70,"givenName":"Gus","familyName":"Hughes","streetNo":"132","streetName":"Daltons Rd","city":"Warrnambool","postcode":3280,"state":"VIC","phone":"+61910938781","email":"gus.hughes5368@gmail.com"},{"userId":71,"givenName":"Shannon","familyName":"Morris","streetNo":"17","streetName":"Nottinghill Rd","city":"Lidcombe","postcode":2141,"state":"NSW","phone":"+61401347628","email":"shannon.morris6728@gmail.com"},{"userId":72,"givenName":"Peter","familyName":"Johnson","streetNo":"68","streetName":"Eastern Rd","city":"Geraldton","postcode":6530,"state":"WA","phone":"+61288744431","email":"peter.johnson8981@gmail.com"},{"userId":73,"givenName":"Claudia","familyName":"Phillips","streetNo":"20","streetName":"Lyrebird Drv","city":"Nowra","postcode":2541,"state":"NSW","phone":"+61225510173","email":"claudia.phillips4745@gmail.com"},{"userId":74,"givenName":"Lisa","familyName":"Rogers","streetNo":"18","streetName":"Erindale Ave","city":"Bundaberg","postcode":4670,"state":"QLD","phone":"+61618475757","email":"lisa.rogers4935@gmail.com"},{"userId":75,"givenName":"Claudia","familyName":"Wilson","streetNo":"3","streetName":"Applewood Crt","city":"Lutana","postcode":7009,"state":"TAS","phone":"+61004742460","email":"claudia.wilson1972@gmail.com"},{"userId":76,"givenName":"Ashlee","familyName":"Jackson","streetNo":"22","streetName":"Embley St","city":"Holder","postcode":2611,"state":"ACT","phone":"+61211727203","email":"ashlee.jackson2566@gmail.com"},{"userId":77,"givenName":"Georgia","familyName":"Phillips","streetNo":"225","streetName":"Glenning Rd","city":"Glenning Valley","postcode":2261,"state":"NSW","phone":"+61695504195","email":"georgia.phillips857@gmail.com"},{"userId":78,"givenName":"Nicholas","familyName":"Richards","streetNo":"4","streetName":"Wattlebird Drv","city":"Highbury","postcode":5089,"state":"SA","phone":"+61532188430","email":"nicholas.richards5659@gmail.com"},{"userId":79,"givenName":"Tayla","familyName":"Thompson","streetNo":"29","streetName":"King St","city":"Newcastle","postcode":2300,"state":"NSW","phone":"+61493006158","email":"tayla.thompson5385@gmail.com"},{"userId":80,"givenName":"Kate","familyName":"James","streetNo":"82","streetName":"Wanguri Tce","city":"Wanguri","postcode":810,"state":"NT","phone":"+61695501626","email":"kate.james8727@gmail.com"},{"userId":81,"givenName":"Georgia","familyName":"Green","streetNo":"21","streetName":"Bronte St","city":"West Mackay","postcode":4740,"state":"QLD","phone":"+61412497197","email":"georgia.green1050@gmail.com"},{"userId":82,"givenName":"Aaron","familyName":"Baker","streetNo":"390","streetName":"Phillip St","city":"Orange","postcode":2800,"state":"NSW","phone":"+61118988132","email":"aaron.baker8968@gmail.com"},{"userId":83,"givenName":"Kaitlyn","familyName":"Scott","streetNo":"1","streetName":"Serene Ct","city":"Coffs Harbour","postcode":2450,"state":"NSW","phone":"+61382999837","email":"kaitlyn.scott8902@gmail.com"},{"userId":84,"givenName":"Ava","familyName":"Clarke","streetNo":"18","streetName":"Hale Ave","city":"Nowra","postcode":2541,"state":"NSW","phone":"+61376101868","email":"ava.clarke9512@gmail.com"},{"userId":85,"givenName":"Rhiannon","familyName":"Anderson","streetNo":"72A","streetName":"Pender St","city":"Thornbury","postcode":3071,"state":"VIC","phone":"+61273788577","email":"rhiannon.anderson1604@gmail.com"},{"userId":86,"givenName":"Tony","familyName":"Wood","streetNo":"93","streetName":"Balmoral Cres","city":"Wagga Wagga","postcode":2650,"state":"NSW","phone":"+61429717365","email":"tony.wood1527@gmail.com"},{"userId":87,"givenName":"Paige","familyName":"Rogers","streetNo":"346","streetName":"Casuarina Drv","city":"Nightcliff","postcode":810,"state":"NT","phone":"+61203187083","email":"paige.rogers2391@gmail.com"},{"userId":88,"givenName":"Kaitlyn","familyName":"Simpson","streetNo":"13","streetName":"Turnbull Ct","city":"Petrie","postcode":4502,"state":"QLD","phone":"+61604987105","email":"kaitlyn.simpson8531@gmail.com"},{"userId":89,"givenName":"Amber","familyName":"Hall","streetNo":"38","streetName":"St Helier Drv","city":"Sorrento","postcode":6020,"state":"WA","phone":"+61105017332","email":"amber.hall8107@gmail.com"},{"userId":90,"givenName":"Noah","familyName":"Roberts","streetNo":"5","streetName":"Gleeson St","city":"Bendigo","postcode":3550,"state":"VIC","phone":"+61449922715","email":"noah.roberts436@gmail.com"},{"userId":91,"givenName":"Abby","familyName":"Webb","streetNo":"6757","streetName":"Channel Hwy","city":"Deep Bay","postcode":7112,"state":"TAS","phone":"+61238784584","email":"abby.webb8179@gmail.com"},{"userId":92,"givenName":"Zac","familyName":"Phillips","streetNo":"12","streetName":"Binstead St","city":"Blayney","postcode":2799,"state":"NSW","phone":"+61207693935","email":"zac.phillips3707@gmail.com"},{"userId":93,"givenName":"Bethany","familyName":"Price","streetNo":"20","streetName":"Nottingham Crt","city":"Lindisfarne","postcode":7015,"state":"TAS","phone":"+61827365349","email":"bethany.price7913@gmail.com"},{"userId":94,"givenName":"Zoe","familyName":"Turner","streetNo":"35","streetName":"Flinders Dr","city":"Stuart Park","postcode":820,"state":"NT","phone":"+61964766405","email":"zoe.turner2314@gmail.com"},{"userId":95,"givenName":"Jennifer","familyName":"Cameron","streetNo":"12","streetName":"Hamilton St","city":"Boulder","postcode":6432,"state":"WA","phone":"+61411177468","email":"jennifer.cameron5605@gmail.com"},{"userId":96,"givenName":"Zachary","familyName":"Murray","streetNo":"30","streetName":"Daldy Cr","city":"Shepparton","postcode":3630,"state":"VIC","phone":"+61721814882","email":"zachary.murray3424@gmail.com"},{"userId":97,"givenName":"Dylan","familyName":"Mason","streetNo":"61","streetName":"Louis Loder St","city":"Theodore","postcode":2905,"state":"ACT","phone":"+61827924876","email":"dylan.mason4993@gmail.com"},{"userId":98,"givenName":"Henry","familyName":"White","streetNo":"28","streetName":"Woodpine Crt","city":"Ballajura","postcode":6066,"state":"WA","phone":"+61317101947","email":"henry.white3557@gmail.com"},{"userId":99,"givenName":"Oscar","familyName":"Harrison","streetNo":"225","streetName":"Gellibrand Drv","city":"Sandford","postcode":7020,"state":"TAS","phone":"+61559018954","email":"oscar.harrison4902@gmail.com"},{"userId":100,"givenName":"John","familyName":"Allen","streetNo":"81","streetName":"Higinbotham St","city":"Watson","postcode":2602,"state":"ACT","phone":"+61053461914","email":"john.allen9407@gmail.com"},{"userId":101,"givenName":"Brianna","familyName":"Cooper","streetNo":"141","streetName":"Sheridan St","city":"Cairns","postcode":4870,"state":"QLD","phone":"+61778002691","email":"brianna.cooper7247@gmail.com"},{"userId":102,"givenName":"Ellie","familyName":"Davis","streetNo":"23","streetName":"Herbertson St","city":"West Gladstone","postcode":4680,"state":"QLD","phone":"+61576852059","email":"ellie.davis4560@gmail.com"},{"userId":103,"givenName":"Tony","familyName":"Parker","streetNo":"27","streetName":"Moruya Cct","city":"Kaleen","postcode":2617,"state":"ACT","phone":"+61857698880","email":"tony.parker4634@gmail.com"},{"userId":104,"givenName":"Max","familyName":"Shaw","streetNo":"236","streetName":"Lowry St","city":"North Albury","postcode":2640,"state":"NSW","phone":"+61994223361","email":"max.shaw9299@gmail.com"},{"userId":105,"givenName":"Tara","familyName":"Robinson","streetNo":"27","streetName":"Oberthur St","city":"South Kalgoorlie","postcode":6430,"state":"WA","phone":"+61416160045","email":"tara.robinson4921@gmail.com"},{"userId":106,"givenName":"Hayley","familyName":"Ward","streetNo":"44","streetName":"Dwyers Rd","city":"Port Huon","postcode":7116,"state":"TAS","phone":"+61409255753","email":"hayley.ward6272@gmail.com"},{"userId":107,"givenName":"Anthony","familyName":"Thompson","streetNo":"15","streetName":"Francis St E","city":"North Adelaide","postcode":5006,"state":"SA","phone":"+61783695226","email":"anthony.thompson8521@gmail.com"},{"userId":108,"givenName":"Sarah","familyName":"Knight","streetNo":"81","streetName":"Drake St","city":"Devonport","postcode":7310,"state":"TAS","phone":"+61272099966","email":"sarah.knight1686@gmail.com"},{"userId":109,"givenName":"Kieran","familyName":"Parker","streetNo":"117","streetName":"Farrell St","city":"Port Melbourne","postcode":3207,"state":"VIC","phone":"+61301693533","email":"kieran.parker8282@gmail.com"},{"userId":110,"givenName":"Charlotte","familyName":"Smith","streetNo":"14","streetName":"Gleneagles Way","city":"Prospect","postcode":7250,"state":"TAS","phone":"+61645900859","email":"charlotte.smith7860@gmail.com"},{"userId":111,"givenName":"Hayley","familyName":"Robinson","streetNo":"72","streetName":"Forrest St","city":"South Perth","postcode":6151,"state":"WA","phone":"+61376422970","email":"hayley.robinson9199@gmail.com"},{"userId":112,"givenName":"Madeleine","familyName":"Hill","streetNo":"10","streetName":"Flood Rd","city":"Huonville","postcode":7109,"state":"TAS","phone":"+61462327523","email":"madeleine.hill5399@gmail.com"},{"userId":113,"givenName":"Elizabeth","familyName":"Robertson","streetNo":"153","streetName":"Violet St","city":"Bendigo","postcode":3550,"state":"VIC","phone":"+61495611220","email":"elizabeth.robertson2102@gmail.com"},{"userId":114,"givenName":"William","familyName":"Moore","streetNo":"13","streetName":"May St","city":"Kyogle","postcode":2474,"state":"NSW","phone":"+61711105751","email":"william.moore3723@gmail.com"},{"userId":115,"givenName":"Jess","familyName":"Smith","streetNo":"160","streetName":"Woodlake Blv","city":"Durack","postcode":830,"state":"NT","phone":"+61743157493","email":"jess.smith3363@gmail.com"},{"userId":116,"givenName":"Caitlin","familyName":"Graham","streetNo":"32","streetName":"Lawson Cr","city":"Orange","postcode":2800,"state":"NSW","phone":"+61626889914","email":"caitlin.graham993@gmail.com"},{"userId":117,"givenName":"Bella","familyName":"Webb","streetNo":"4","streetName":"Savage Cl","city":"Farrar","postcode":830,"state":"NT","phone":"+61642757383","email":"bella.webb6900@gmail.com"},{"userId":118,"givenName":"Marcus","familyName":"Watson","streetNo":"11","streetName":"Ocean View St","city":"Hervey Bay","postcode":4655,"state":"QLD","phone":"+61806383861","email":"marcus.watson7764@gmail.com"},{"userId":119,"givenName":"Maddy","familyName":"Ryan","streetNo":"27","streetName":"Ridgehaven Cct","city":"Leanyer","postcode":812,"state":"NT","phone":"+61996164968","email":"maddy.ryan1355@gmail.com"},{"userId":120,"givenName":"Joe","familyName":"Tran","streetNo":"23","streetName":"Blackall Ave","city":"Queanbeyan","postcode":2620,"state":"NSW","phone":"+61473671943","email":"joe.tran8078@gmail.com"},{"userId":121,"givenName":"Jennifer","familyName":"Mills","streetNo":"37","streetName":"Bullock","city":"Kambah","postcode":2902,"state":"ACT","phone":"+61252120989","email":"jennifer.mills6528@gmail.com"},{"userId":122,"givenName":"Lachlan","familyName":"Butler","streetNo":"13","streetName":"Park St","city":"Moonee Ponds","postcode":3039,"state":"VIC","phone":"+61111922865","email":"lachlan.butler1530@gmail.com"},{"userId":123,"givenName":"Oscar","familyName":"Webb","streetNo":"24","streetName":"Stirling Tce","city":"Albany","postcode":6330,"state":"WA","phone":"+61929970409","email":"oscar.webb1031@gmail.com"},{"userId":124,"givenName":"Cody","familyName":"Phillips","streetNo":"41","streetName":"Bucknell St","city":"Mungindi","postcode":2406,"state":"NSW","phone":"+61184826199","email":"cody.phillips5365@gmail.com"},{"userId":125,"givenName":"Lauren","familyName":"Harris","streetNo":"72","streetName":"Moubray St","city":"South Melbourne","postcode":3205,"state":"VIC","phone":"+61002003277","email":"lauren.harris390@gmail.com"},{"userId":126,"givenName":"Emma","familyName":"Reid","streetNo":"34","streetName":"Marwedel St","city":"Toowoomba","postcode":4350,"state":"QLD","phone":"+61091906622","email":"emma.reid3884@gmail.com"},{"userId":127,"givenName":"Abbie","familyName":"Cameron","streetNo":"170","streetName":"Carthage St","city":"East Tamworth","postcode":2340,"state":"NSW","phone":"+61803938127","email":"abbie.cameron7650@gmail.com"},{"userId":128,"givenName":"Jacinta","familyName":"Knight","streetNo":"2","streetName":"Strehlow Pl","city":"Flynn","postcode":2615,"state":"ACT","phone":"+61739662306","email":"jacinta.knight3338@gmail.com"},{"userId":129,"givenName":"Oscar","familyName":"Kelly","streetNo":"32","streetName":"Salisbury Drv","city":"Nowra","postcode":2541,"state":"NSW","phone":"+61529201202","email":"oscar.kelly725@gmail.com"},{"userId":130,"givenName":"Paige","familyName":"Martin","streetNo":"162","streetName":"Vincent Rd","city":"Morwell","postcode":3840,"state":"VIC","phone":"+61923899360","email":"paige.martin7041@gmail.com"},{"userId":131,"givenName":"Lucy","familyName":"Ryan","streetNo":"68","streetName":"Highcliffe Crcle","city":"Lakelands","postcode":6180,"state":"WA","phone":"+61706067642","email":"lucy.ryan1807@gmail.com"},{"userId":132,"givenName":"Jeremy","familyName":"Fisher","streetNo":"35","streetName":"Perouse Rd","city":"Randwick","postcode":2031,"state":"NSW","phone":"+61992518591","email":"jeremy.fisher4057@gmail.com"},{"userId":133,"givenName":"Claudia","familyName":"Scott","streetNo":"10","streetName":"Kavel St","city":"Torrens","postcode":2607,"state":"ACT","phone":"+61851701210","email":"claudia.scott9893@gmail.com"},{"userId":134,"givenName":"Chelsea","familyName":"Russell","streetNo":"16","streetName":"William St","city":"West Hobart","postcode":7000,"state":"TAS","phone":"+61524417887","email":"chelsea.russell7@gmail.com"},{"userId":135,"givenName":"Rebecca","familyName":"Roberts","streetNo":"41","streetName":"Prince St","city":"Paddington","postcode":4064,"state":"QLD","phone":"+61675172572","email":"rebecca.roberts1385@gmail.com"},{"userId":136,"givenName":"Nicole","familyName":"Brown","streetNo":"70","streetName":"Chester St","city":"South Fremantle","postcode":6162,"state":"WA","phone":"+61694173173","email":"nicole.brown8416@gmail.com"},{"userId":137,"givenName":"Ella","familyName":"Taylor","streetNo":"16","streetName":"Morris St","city":"South Melbourne","postcode":3205,"state":"VIC","phone":"+61417308675","email":"ella.taylor3055@gmail.com"},{"userId":138,"givenName":"Kayla","familyName":"O'Brien","streetNo":"15","streetName":"Golden Ave","city":"Tannum Sands","postcode":4680,"state":"QLD","phone":"+61513767621","email":"kayla.o'brien2153@gmail.com"},{"userId":139,"givenName":"Sean","familyName":"Ross","streetNo":"10","streetName":"Harris Cres","city":"George Town","postcode":7253,"state":"TAS","phone":"+61371392647","email":"sean.ross6701@gmail.com"},{"userId":140,"givenName":"Samantha","familyName":"Moore","streetNo":"43","streetName":"Gainsborough Drv","city":"Toowoomba","postcode":4350,"state":"QLD","phone":"+61427453558","email":"samantha.moore6415@gmail.com"},{"userId":141,"givenName":"David","familyName":"Taylor","streetNo":"126","streetName":"Sturt St","city":"Townsville","postcode":4810,"state":"QLD","phone":"+61930557713","email":"david.taylor3247@gmail.com"},{"userId":142,"givenName":"Lachie","familyName":"Evans","streetNo":"4","streetName":"Condor Crt","city":"Devonport","postcode":7310,"state":"TAS","phone":"+61727346583","email":"lachie.evans4331@gmail.com"},{"userId":143,"givenName":"Jennifer","familyName":"Baker","streetNo":"24","streetName":"Elizabeth St","city":"Maitland","postcode":5573,"state":"SA","phone":"+61026771311","email":"jennifer.baker6048@gmail.com"},{"userId":144,"givenName":"Brianna","familyName":"Thomson","streetNo":"43","streetName":"Lochner St","city":"West Hobart","postcode":7000,"state":"TAS","phone":"+61109995281","email":"brianna.thomson3023@gmail.com"},{"userId":145,"givenName":"Ethan","familyName":"Allen","streetNo":"137","streetName":"Wittenoom St","city":"Boulder","postcode":6432,"state":"WA","phone":"+61611257220","email":"ethan.allen2763@gmail.com"},{"userId":146,"givenName":"Courtney","familyName":"Miller","streetNo":"117","streetName":"Wemvern St","city":"Upper Mt Gravatt","postcode":4122,"state":"QLD","phone":"+61094228128","email":"courtney.miller3942@gmail.com"},{"userId":147,"givenName":"Natalie","familyName":"Jackson","streetNo":"2","streetName":"Colo Pl","city":"Kaleen","postcode":2617,"state":"ACT","phone":"+61668844265","email":"natalie.jackson5535@gmail.com"},{"userId":148,"givenName":"Nicholas","familyName":"Marshall","streetNo":"6","streetName":"Romney Rd","city":"Happy Valley","postcode":5159,"state":"SA","phone":"+61016422555","email":"nicholas.marshall250@gmail.com"},{"userId":149,"givenName":"Will","familyName":"Mitchell","streetNo":"33","streetName":"Cinnamon Ave","city":"Coolum Beach","postcode":4573,"state":"QLD","phone":"+61006223449","email":"will.mitchell9340@gmail.com"}]